Time Bucket (America/New_York),Barn-Mains_A (kWhs),Barn-Mains_B (kWhs),Barn-Mains_C (kWhs),Barn-Clothes Dryer-Dryer (kWhs),Barn-Water Heater-Water Heater (kWhs),Barn-Other-garage lights? (kWhs),Barn-Other-Radon & (kWhs),Barn-Circuit_5 (kWhs),Barn-Circuit_6 (kWhs),Barn-Circuit_7 (kWhs),Barn-Pump-Well  (kWhs),Barn-Heat Pump-Heat Pump (kWhs),Barn-Other-Kitchen Outlets (kWhs),Barn-Other-Master Bedroom (kWhs),Barn-Circuit_12 (kWhs),Barn-Circuit_13 (kWhs),Barn-Circuit_14 (kWhs),Barn-Kitchen-Kitchen Stove (kWhs),Barn-Circuit_16 (kWhs)
01/14/2026 00:00:00,26.2330,22.8810,No CT,12.0912,7.4422,0.0118,2.1625,0.0000,0.1187,0.0045,0.4503,16.4174,0.7486,3.7082,0.6756,0.1665,0.4890,0.3502,0.9412
01/15/2026 00:00:00,37.0910,33.5028,No CT,1.5783,12.3011,0.0205,1.1981,0.0000,0.1631,0.0032,0.6351,34.8401,1.3010,8.8026,1.2529,1.0333,0.7577,0.5409,1.1542
01/16/2026 00:00:00,61.5111,34.0680,No CT,0.0000,19.8862,0.0335,0.2093,0.0000,0.1740,0.0027,0.7144,33.2047,0.6156,32.8094,0.9778,0.5048,0.7220,1.0341,0.7861
01/17/2026 00:00:00,59.2622,29.1464,No CT,0.0000,11.8880,0.0196,2.5023,0.0011,0.1384,0.0008,0.5954,30.3941,0.6779,33.7474,1.1359,0.4843,0.6711,1.0318,1.1041
01/18/2026 00:00:00,58.8445,32.9801,No CT,0.0000,11.3285,0.0189,2.2004,0.0172,0.1668,0.0025,0.3581,29.2566,5.7163,34.8681,0.8183,0.4693,0.6624,1.0946,0.8995
01/19/2026 00:00:00,56.4251,30.9787,No CT,0.0000,7.9375,0.0155,1.2277,0.1295,0.2195,0.0094,0.3665,29.6527,5.4109,34.8005,0.9003,0.4373,0.5122,1.0860,0.7754
01/20/2026 00:00:00,59.7964,36.3921,No CT,0.0000,15.6506,0.0286,2.3205,0.0014,0.1875,0.0068,0.6358,24.9956,9.0294,35.3964,0.9370,0.4482,0.6012,1.2041,0.9509
01/21/2026 00:00:00,40.6493,30.5173,No CT,0.0000,14.3575,0.0266,0.2046,0.0000,0.0376,0.0050,0.4623,0.8367,16.8748,31.6046,0.6983,0.3661,0.0015,1.1143,0.2199
01/22/2026 00:00:00,41.7119,23.0680,No CT,0.0000,15.2352,0.0254,2.9580,0.0000,0.0000,0.0047,0.5904,0.0509,8.3198,29.6686,1.1052,0.3928,0.6589,0.8281,0.7264
01/23/2026 00:00:00,35.6912,24.4124,No CT,0.0000,11.1046,0.0184,0.1413,0.0000,0.0000,0.0046,0.4250,0.0416,12.0410,28.6941,0.9310,0.3788,0.6370,0.8275,0.5891
01/24/2026 00:00:00,39.8548,29.4691,No CT,0.0000,13.1504,0.0252,0.1153,0.0000,0.0000,0.0088,0.7171,0.0590,16.3012,31.7509,0.9720,0.3866,0.2363,0.9632,0.3881
01/25/2026 00:00:00,44.6676,37.1096,No CT,0.0000,16.2450,0.0310,3.3687,0.0000,0.0000,0.0173,0.4877,0.0750,19.2488,31.8195,0.9612,0.3622,0.6475,1.0784,1.1198
01/26/2026 00:00:00,37.3507,29.2796,No CT,0.0000,13.3788,0.0234,1.9542,0.0000,0.1078,0.0084,0.6087,0.0542,14.3738,27.0831,1.0222,0.3660,0.7299,0.8703,0.8825
01/27/2026 00:00:00,37.7993,26.1463,No CT,4.2797,8.0189,0.0141,0.7138,0.0000,0.0537,0.0061,0.3813,0.0455,12.8578,29.0064,1.2369,0.3755,0.4828,0.8857,0.6467
01/28/2026 00:00:00,40.7643,29.9368,No CT,0.0000,16.5501,0.0313,0.1208,0.0000,0.1011,0.0090,0.6773,0.0698,14.4853,30.7838,0.8252,0.3709,0.2450,1.0080,0.5481
01/29/2026 00:00:00,43.0356,35.5800,No CT,3.2949,15.6123,0.0297,3.1094,0.0006,0.0000,0.0123,0.6441,0.0776,17.6015,28.3315,1.0475,0.3531,0.6177,1.1299,1.2398
01/30/2026 00:00:00,44.0687,34.8381,No CT,0.0000,17.5946,0.0328,3.1521,0.0000,0.0246,0.0109,0.7940,0.0722,17.2648,30.3152,0.9479,0.3593,0.6571,1.1131,1.4174
01/31/2026 00:00:00,39.4966,28.3213,No CT,0.0000,10.7166,0.0201,1.1926,0.0000,0.0000,0.0028,0.3881,0.0411,16.6925,31.8281,0.7703,0.3691,0.2307,1.0309,0.5715
02/01/2026 00:00:00,41.0359,30.2786,No CT,0.0000,15.4431,0.0293,0.1093,0.0000,0.0000,0.0055,0.5613,0.0603,16.8405,31.7329,0.9609,0.3660,0.0000,1.0815,0.2840
02/02/2026 00:00:00,42.4904,31.0113,No CT,0.0000,15.6883,0.0301,0.1136,0.0013,0.0184,0.0076,0.5972,0.0628,17.1950,33.1772,0.7222,0.3739,0.1300,1.1434,0.3038
02/03/2026 00:00:00,52.1565,42.8106,No CT,11.2785,13.8760,0.0278,3.7122,0.2126,0.0227,0.0177,0.7798,0.0452,11.7985,23.1377,0.8474,0.3705,1.0414,1.0560,0.7908
02/04/2026 00:00:00,53.0308,50.9758,No CT,4.2448,18.7742,0.0382,1.5867,0.0171,0.0254,0.0180,1.1796,0.0008,2.5345,9.2614,1.6701,0.3459,3.0097,0.8693,0.5728
02/05/2026 00:00:00,50.9738,38.1783,No CT,0.0000,9.0188,0.0176,0.1494,0.0017,0.0232,0.0017,0.7873,0.0000,0.2540,18.1787,1.4163,0.3828,1.3102,0.9839,0.6159
02/06/2026 00:00:00,70.5178,62.5929,No CT,0.0041,15.6342,0.0339,3.8065,0.0007,0.0281,0.0073,1.1661,50.3399,0.2479,10.9004,1.1171,0.3851,1.5436,0.9566,1.2716
02/07/2026 00:00:00,76.5234,80.1946,No CT,0.0055,12.8630,0.0288,0.1513,0.0000,0.0437,0.0000,1.3742,125.8120,0.6476,2.4187,1.9638,0.3935,2.5226,0.6800,1.2237
02/08/2026 00:00:00,87.6558,91.0071,No CT,2.0765,16.4195,0.0404,0.9789,0.0000,0.0819,0.0000,1.5752,142.2225,0.3951,2.2302,1.7275,0.3981,2.7420,0.8157,0.7990
02/09/2026 00:00:00,67.7122,72.3552,No CT,0.0017,8.2306,0.0190,0.1531,0.0001,0.0719,0.0000,1.1732,115.8076,0.4900,2.3204,1.5741,0.4039,2.9355,0.6109,0.8145
02/10/2026 00:00:00,59.5578,65.7408,No CT,0.0010,17.9281,0.0359,0.1347,0.0000,0.1119,0.0000,1.3081,90.1723,2.0248,1.9113,1.7103,0.2829,2.9458,0.5084,0.6743
02/11/2026 00:00:00,49.2388,53.6513,No CT,0.0001,10.8208,0.0210,0.1176,0.0303,0.0464,0.0000,1.0432,77.4586,0.2232,1.9710,1.4604,0.2748,2.5489,0.4095,0.8611
02/12/2026 00:00:00,51.5028,56.6270,No CT,0.0005,13.4864,0.0259,0.1214,0.0000,0.0166,0.0000,1.3095,78.8482,0.3544,1.8378,1.7435,0.2688,3.1389,0.4255,0.9376
02/13/2026 00:00:00,56.3115,62.0967,No CT,0.0686,14.6103,0.0290,0.1315,0.0040,0.0199,0.0001,1.0805,88.5807,0.6266,1.6657,1.3806,0.2748,3.0035,0.4704,0.8734
02/14/2026 00:00:00,49.4314,54.2491,No CT,0.0003,14.8239,0.0277,1.0898,0.0028,0.2536,0.0000,1.0906,71.7181,0.5609,1.2728,1.9145,0.7646,2.9749,0.3852,0.8140
02/15/2026 00:00:00,51.3798,59.1900,No CT,0.0009,18.1896,0.0352,0.1278,0.0017,0.2250,0.0001,1.2961,74.9394,1.3766,1.3600,1.4220,1.5485,2.8995,0.4172,0.7465
02/16/2026 00:00:00,46.3946,51.1461,No CT,0.0004,12.4849,0.0233,0.5286,0.0009,0.2538,0.0000,1.0479,68.4897,0.6555,1.8775,1.8513,0.7410,3.0101,0.3719,0.6730
02/17/2026 00:00:00,46.1382,51.1065,No CT,2.1187,16.6163,0.0312,0.5868,0.0516,0.1777,0.0000,1.0973,60.9359,1.9325,2.3850,1.6065,0.4338,2.7556,0.3466,0.8509
02/18/2026 00:00:00,47.7553,48.8965,No CT,0.7959,11.5448,0.0213,2.8648,0.0214,0.1330,0.0000,0.9672,65.0153,0.8315,2.8090,1.9724,0.2663,3.1060,0.3679,1.1482
02/19/2026 00:00:00,48.7473,54.1733,No CT,0.0006,22.5762,0.0421,0.1859,0.0718,0.1954,0.0000,1.3542,61.1096,2.4212,3.3067,1.5512,0.2481,3.6416,0.3881,0.7401
02/20/2026 00:00:00,32.6020,36.4326,No CT,0.0033,5.4527,0.0128,0.6919,0.1346,0.1641,0.0000,0.5755,49.4617,2.2172,2.1652,1.2182,0.2150,2.4812,0.2646,0.4267
02/21/2026 00:00:00,45.2717,49.8774,No CT,2.2959,9.2929,0.0180,0.9002,0.4207,0.2248,0.0000,0.8282,63.5663,0.8362,2.9535,1.9364,0.2422,4.1076,0.3566,0.9816
02/22/2026 00:00:00,50.5090,53.3179,No CT,0.0004,11.6401,0.0223,2.4767,0.1803,0.2229,0.0000,1.2344,71.9104,1.0389,2.8926,1.5349,0.2510,3.2927,0.4118,0.8452
02/23/2026 00:00:00,49.1579,53.7844,No CT,0.0008,16.5644,0.0317,0.2201,0.1957,0.2376,0.0000,1.0270,68.3292,0.8429,2.9312,1.7559,0.2469,3.4707,0.4104,0.7438
02/24/2026 00:00:00,53.0641,54.3805,No CT,0.0005,13.9107,0.0265,0.0746,0.1629,0.2908,0.0000,1.1323,74.9424,0.8063,5.1987,1.3874,0.2587,2.6917,0.4579,0.6701
02/25/2026 00:00:00,42.0907,45.5455,No CT,0.0002,5.9712,0.0108,0.0598,0.0471,0.2309,0.0000,0.8053,64.9683,2.2717,3.3991,1.7057,0.3051,2.0338,0.3287,0.8714
02/26/2026 00:00:00,44.4769,47.0546,No CT,6.5606,10.0025,0.0184,2.7674,0.0062,0.1487,0.0002,1.0058,53.9000,3.0034,2.6648,1.8397,0.3284,2.3397,0.3279,1.4576
02/27/2026 00:00:00,36.0102,35.9218,No CT,0.0000,4.1494,0.0073,2.2485,0.0000,0.1247,0.0000,0.4413,53.2660,0.1290,2.5985,1.4349,0.3437,2.0631,0.2440,0.4571
02/28/2026 00:00:00,36.0027,36.1491,No CT,0.0002,9.8874,0.0148,4.4929,0.0000,0.0722,0.0004,0.6917,44.1782,0.6070,1.9768,1.3291,0.3320,2.9269,0.2346,0.8226
03/01/2026 00:00:00,44.1194,41.7874,No CT,0.0234,21.7182,0.0259,3.9912,0.0000,0.2164,0.0007,1.2016,41.0521,1.6849,5.7370,1.3188,0.3518,2.6480,0.2470,0.8498
03/02/2026 00:00:00,49.1626,50.5582,No CT,2.1518,7.4321,0.0040,2.6706,0.0021,0.2116,0.0040,0.8448,72.9659,1.2758,1.9982,1.6135,0.3811,2.1393,0.0448,0.9890
03/03/2026 00:00:00,51.2997,53.2973,No CT,0.0501,7.7226,0.0045,2.8654,0.0000,0.1949,0.0024,0.9169,72.5188,4.2523,4.9632,1.6767,0.3770,2.6109,0.1818,1.2808
03/04/2026 00:00:00,36.8227,36.4542,No CT,0.0532,11.9715,0.0052,3.2544,0.0000,0.2017,0.0049,0.7773,38.7465,2.6793,5.4842,1.1797,0.3558,2.8486,0.1100,0.5057
03/05/2026 00:00:00,32.1312,31.1577,No CT,0.0390,10.2572,0.0034,2.4577,0.0000,0.1800,0.0010,0.7274,34.9219,0.4078,4.3315,1.3358,0.3540,2.7833,0.1221,0.8460
03/06/2026 00:00:00,34.5575,35.0920,No CT,0.0336,8.4471,0.0015,2.9683,0.0000,0.2639,0.0007,0.7889,45.1441,0.1704,1.5405,1.3214,0.3575,2.7466,0.4828,0.3876
03/07/2026 00:00:00,36.8861,39.6191,No CT,0.0809,18.8238,0.0058,1.9244,0.0001,0.2685,0.0057,1.0474,35.7751,3.8620,4.4972,1.5104,0.3701,2.9143,0.0195,0.7244
03/08/2026 00:00:00,30.8264,28.0981,No CT,8.7977,13.6208,0.0019,2.9612,0.0030,0.2075,0.0047,0.8203,16.2891,0.5526,4.6817,1.4904,0.3498,2.9294,0.2265,0.6714
03/09/2026 00:00:00,22.8840,23.6738,No CT,2.2232,11.5309,0.0025,1.8476,0.0004,0.1616,0.0026,0.5379,15.2648,1.2275,3.8432,1.2574,0.3486,2.8580,0.1689,0.5368
03/10/2026 00:00:00,19.3264,17.2644,No CT,0.0277,8.1152,0.0014,2.2668,0.0000,0.1444,0.0005,0.3679,10.4807,0.1401,5.0712,1.3986,0.3351,2.7683,0.3479,0.3614
03/11/2026 00:00:00,13.5722,16.5939,No CT,0.0479,15.0218,0.0003,0.5374,0.0000,0.2178,0.0004,0.5488,0.0000,0.4869,2.8956,1.2776,0.3202,2.9787,0.3068,0.4617
03/12/2026 00:00:00,23.6168,26.3908,No CT,0.0480,11.6550,0.0030,2.8227,0.0000,0.2335,0.0038,0.6899,19.8287,1.0069,2.1854,1.1775,0.3406,3.0840,0.4500,0.8183
03/13/2026 00:00:00,33.5781,37.3640,No CT,0.0364,7.8588,0.0047,0.0002,0.0000,0.3187,0.0040,0.7200,47.0619,1.6666,3.1538,1.1939,0.3690,2.3019,0.3961,0.5035
03/14/2026 00:00:00,33.9774,35.4710,No CT,0.0536,13.5815,0.0041,0.0008,0.0000,0.2670,0.0037,0.8360,42.9637,0.8420,2.4619,1.6591,0.3662,1.2785,0.1009,0.1768
03/15/2026 00:00:00,33.8021,34.1526,No CT,0.0595,15.4636,0.0028,2.6678,0.0000,0.1730,0.0018,0.7999,37.0825,0.7000,1.9704,1.2832,0.3624,1.5825,0.2126,0.7734
03/16/2026 00:00:00,22.5928,23.1267,No CT,0.0435,12.6845,0.0016,3.4278,0.0000,0.2283,0.0007,0.6598,16.4196,0.8722,1.6924,1.4774,0.3526,1.7168,0.1382,0.9004
03/17/2026 00:00:00,33.7277,37.4254,No CT,0.0470,11.5739,0.0032,0.0002,0.0000,0.1963,0.0026,0.8030,46.8670,0.7543,1.6979,1.4901,0.3669,1.4916,0.0000,0.5800
03/18/2026 00:00:00,47.4187,47.3781,No CT,0.0773,15.7030,0.0112,3.3438,0.0001,0.3654,0.0093,1.0821,62.4165,0.1586,1.7635,1.2166,0.3860,1.0631,0.2692,1.0637
03/19/2026 00:00:00,37.9735,38.3857,No CT,3.0042,7.5627,0.0036,3.4064,0.0011,0.2623,0.0036,0.8129,48.1195,0.1504,2.0625,1.1700,0.3927,1.6507,0.3410,1.2244
03/20/2026 00:00:00,24.9402,28.3563,No CT,0.0479,11.7309,0.0046,0.0003,0.0000,0.1487,0.0034,0.5587,29.4231,0.5341,2.0386,1.2008,0.3524,1.6431,0.0000,0.5705
03/21/2026 00:00:00,21.0144,22.1119,No CT,0.0395,10.6912,0.0031,2.6327,0.0000,0.1585,0.0017,0.5329,18.0792,0.1065,1.8085,1.0582,0.3445,2.0548,0.0000,0.5170
03/22/2026 00:00:00,17.1176,21.3091,No CT,0.0336,9.1284,0.0027,0.6929,0.0000,0.1502,0.0026,0.5025,15.2517,0.3496,1.4631,1.4622,0.3398,2.9334,0.2204,0.6052
03/23/2026 00:00:00,25.5141,30.2083,No CT,2.0448,7.5774,0.0025,0.0014,0.0004,0.1340,0.0027,0.5066,32.1315,1.0115,1.9896,1.4148,0.3742,2.2363,0.0000,1.2236
03/24/2026 00:00:00,33.0206,32.9730,No CT,0.0327,9.2916,0.0017,2.8543,0.0000,0.1693,0.0013,0.8012,41.1147,0.1415,2.0621,1.4889,0.3649,1.5499,0.0788,1.0017
03/25/2026 00:00:00,27.7974,28.7580,No CT,0.0430,12.1036,0.0024,2.3001,0.0000,0.0947,0.0028,0.5409,29.7753,0.5662,1.8056,1.4319,0.3535,1.3739,0.1854,0.4865
03/26/2026 00:00:00,14.1898,16.6412,No CT,0.0240,6.4366,0.0013,0.0005,0.0000,0.1444,0.0008,0.3234,15.9093,0.0464,0.8800,1.1919,0.3482,1.1125,0.0000,0.0381
03/27/2026 00:00:00,16.7871,18.9470,No CT,0.0351,10.0724,0.0022,0.5634,0.0000,0.1158,0.0014,0.4720,15.7197,0.0613,0.7921,1.2668,0.3553,1.1905,0.2369,0.1584
03/28/2026 00:00:00,34.7449,36.7249,No CT,6.4768,17.1097,0.0057,1.0268,0.0016,0.1703,0.0056,0.9586,34.0563,0.6081,1.3443,1.0885,0.3593,1.3725,0.5541,0.5467
03/29/2026 00:00:00,37.7532,36.2018,No CT,13.2232,14.5078,0.0050,1.0183,0.0036,0.1987,0.0061,0.8583,31.7764,0.2749,1.7919,1.4702,0.3342,1.3129,0.0000,0.6171
03/30/2026 00:00:00,13.6362,15.9407,No CT,1.5242,9.4851,0.0025,0.0006,0.0015,0.1934,0.0026,0.4252,9.7834,0.0867,0.9133,1.0065,0.2289,1.3017,0.1046,0.2804
03/31/2026 00:00:00,11.4645,12.6324,No CT,1.4571,10.0840,0.0017,0.7336,0.0010,0.1276,0.0019,0.4109,3.1651,0.2108,0.7869,1.2882,0.2233,1.1629,0.1303,0.0778
04/01/2026 00:00:00,6.5409,9.6272,No CT,0.0204,6.3913,0.0004,0.0004,0.0000,0.0814,0.0002,0.3796,0.1017,0.1025,0.7607,1.5933,0.2608,2.2607,0.0000,0.2427
04/02/2026 00:00:00,17.9430,19.5885,No CT,0.0570,15.8908,0.0034,0.5227,0.0000,0.1348,0.0016,0.5305,12.3460,0.0563,0.9957,1.1588,0.2592,1.2434,0.0000,0.2454
04/03/2026 00:00:00,19.2437,21.7365,No CT,0.0468,12.9432,0.0029,0.0081,0.0000,0.1783,0.0013,0.6752,18.8279,0.5208,0.8644,1.2645,0.2726,1.2133,0.0000,0.1398
04/04/2026 00:00:00,18.1048,20.9195,No CT,3.1209,13.6863,0.0014,1.1966,0.0003,0.1276,0.0010,0.6599,8.6464,1.7156,0.7824,1.7415,0.2500,1.7381,0.2044,0.5490
04/05/2026 00:00:00,18.3648,19.3660,No CT,0.0487,14.1824,0.0015,1.7849,0.0009,0.1446,0.0012,0.8917,9.9790,0.2655,1.4094,1.4351,0.2327,1.8966,0.3270,0.7371
04/06/2026 00:00:00,13.3615,14.9140,No CT,0.0324,9.8650,0.0018,1.2436,0.0000,0.1388,0.0009,0.4364,9.2627,0.0435,0.5201,1.0255,0.2280,1.2823,0.0000,0.2985
04/07/2026 00:00:00,15.1971,17.3199,No CT,0.0255,6.3693,0.0036,0.6462,0.0000,0.1435,0.0029,0.3205,18.6003,0.0627,0.0052,1.1610,0.2321,1.1348,0.0000,0.0587
04/08/2026 00:00:00,25.3921,27.3425,No CT,0.0476,10.9490,0.0055,1.5209,0.0000,0.1458,0.0034,0.6298,32.3928,0.0840,0.0010,0.9520,0.2464,1.2109,0.1354,0.3058
04/09/2026 00:00:00,19.1405,22.1566,No CT,0.0348,8.3006,0.0041,0.6912,0.0000,0.1386,0.0032,0.4586,24.3655,0.4035,0.0030,1.0629,0.2362,1.1573,0.0929,0.0583
04/10/2026 00:00:00,17.8601,20.6877,No CT,0.0619,18.1839,0.0024,1.6810,0.0000,0.1665,0.0013,0.7738,9.3215,0.5466,0.0508,1.1194,0.2271,1.6028,0.0000,0.4011
04/11/2026 00:00:00,13.1857,14.1909,No CT,0.0459,13.8484,0.0020,2.8169,0.0000,0.1371,0.0006,0.6391,2.1905,0.2730,0.1807,0.9640,0.2217,1.3392,0.0538,0.2804
04/12/2026 00:00:00,12.9881,14.0479,No CT,0.0384,11.3055,0.0024,3.3634,0.0000,0.1334,0.0014,0.4475,2.6419,0.3910,0.2719,1.2858,0.2218,1.7013,0.0544,0.8723
04/13/2026 00:00:00,9.3279,11.0663,No CT,2.9247,5.9524,0.0019,1.8603,0.0000,0.1436,0.0008,0.2995,1.5724,0.0609,0.0954,0.9560,0.2199,1.5863,0.0463,0.2047
04/14/2026 00:00:00,8.7118,12.5097,No CT,0.0213,5.9458,0.0018,1.6778,0.0000,0.2053,0.0013,0.2954,3.2513,0.6663,0.1004,1.4010,0.2204,3.0173,0.0000,0.0941
04/15/2026 00:00:00,6.4244,10.9909,No CT,0.0181,5.8766,0.0002,0.6721,0.0000,0.1101,0.0001,0.2188,0.8123,0.5684,0.2242,1.4012,0.2196,3.0986,0.0000,0.0903
04/16/2026 00:00:00,12.0811,14.0585,No CT,0.0128,3.9895,0.0001,1.7420,0.0000,0.0795,0.0001,0.2400,11.1753,0.5194,0.1923,1.7660,0.2274,1.7086,0.0000,0.2750
04/17/2026 00:00:00,9.2474,11.9846,No CT,0.0151,4.9638,0.0001,0.9345,0.0000,0.1090,0.0001,0.2161,7.0414,0.4208,0.2034,1.2630,0.2425,1.5194,0.0460,0.0696
04/18/2026 00:00:00,13.7467,18.1239,No CT,0.9754,12.5133,0.0013,3.2865,0.0011,0.1348,0.0025,0.6774,0.0806,0.5999,0.5605,1.6988,0.2375,5.9102,0.1398,0.3155
04/19/2026 00:00:00,15.5350,20.6800,No CT,7.1068,11.7381,0.0047,1.3546,0.0037,0.1970,0.0097,0.6196,0.0927,2.9105,1.0538,1.6443,0.2260,3.3514,0.1820,0.5023
04/20/2026 00:00:00,16.4422,18.5902,No CT,0.0433,11.2565,0.0057,1.7564,0.0000,0.1350,0.0035,0.5475,13.3793,0.0450,0.0645,1.2046,0.2304,1.5842,0.0553,0.2806
04/21/2026 00:00:00,25.5349,27.5421,No CT,0.0429,10.3641,0.0055,1.6360,0.0001,0.1148,0.0042,0.5452,32.0561,0.7771,0.0232,1.5219,0.2415,1.1107,0.0731,0.0886
04/22/2026 00:00:00,13.3675,14.6859,No CT,0.0172,4.5663,0.0017,1.3872,0.0000,0.1312,0.0019,0.2544,13.5640,0.3894,0.7116,1.2920,0.2298,1.0982,0.0670,0.0343
04/23/2026 00:00:00,9.3147,12.4956,No CT,0.0216,6.3641,0.0010,0.9463,0.0000,0.1018,0.0006,0.2659,6.2035,0.5099,0.0236,1.1495,0.2193,1.2349,0.1090,0.2070
04/24/2026 00:00:00,7.5673,10.5293,No CT,0.0241,7.0452,0.0014,0.3481,0.0000,0.1304,0.0012,0.2848,1.9362,0.5709,0.0158,1.7828,0.2292,1.2718,0.0758,0.0567
04/25/2026 00:00:00,20.7306,22.0291,No CT,0.0374,10.4348,0.0029,2.8275,0.0000,0.1364,0.0014,0.5214,19.9885,0.2366,0.1409,1.3128,0.3054,1.7653,0.1436,0.3208
04/26/2026 00:00:00,25.6733,23.9160,No CT,3.6736,10.5123,0.0020,5.2527,0.0003,0.0730,0.0013,0.5818,20.6297,0.6490,0.0431,1.5836,0.2560,1.0463,0.0000,0.4842
04/27/2026 00:00:00,11.1304,13.7584,No CT,0.0262,7.1880,0.0018,1.4933,0.0000,0.1438,0.0012,0.3105,7.4086,0.1276,0.0076,1.2185,0.2351,1.7527,0.2222,0.3009
04/28/2026 00:00:00,11.9428,14.9495,No CT,0.0267,8.7483,0.0002,2.2376,0.0000,0.0797,0.0005,0.3684,5.8232,0.3564,0.0434,1.3249,0.2333,2.8600,0.0690,0.2217
04/29/2026 00:00:00,13.3372,17.7167,No CT,0.0401,10.7676,0.0022,0.7852,0.0000,0.1979,0.0014,0.5003,8.8158,0.7260,0.0420,1.6086,0.2295,2.8764,0.0260,0.0359
04/30/2026 00:00:00,12.8787,15.9848,No CT,0.0356,9.4529,0.0039,1.6980,0.0000,0.2251,0.0033,0.4235,6.4664,0.3321,0.6376,1.3178,0.2254,3.0911,0.2090,0.2192
05/01/2026 00:00:00,12.1772,15.6314,No CT,0.0098,2.7678,0.0007,1.2460,0.0000,0.1279,0.0004,0.2254,14.0518,0.1031,0.6905,0.9995,0.2414,2.5630,0.0414,0.1847
05/02/2026 00:00:00,19.0725,18.6324,No CT,0.0274,8.1850,0.0011,5.0339,0.0000,0.1856,0.0007,0.4885,13.0236,0.3042,0.6979,1.3509,0.2471,2.3433,0.2266,0.5802
05/03/2026 00:00:00,17.8121,19.0911,No CT,0.0219,7.2082,0.0007,2.0468,0.0000,0.0933,0.0004,0.4399,17.2237,0.1890,0.9286,1.5814,0.2406,2.1950,0.1469,0.2293
05/04/2026 00:00:00,17.0719,19.8847,No CT,1.8009,5.8021,0.0024,2.7110,0.0023,0.1487,0.0036,0.3194,15.7012,1.6549,0.0004,1.6078,0.2280,2.2918,0.0000,0.2228
05/05/2026 00:00:00,10.0995,11.4266,No CT,0.0173,5.1878,0.0008,3.0754,0.0000,0.0506,0.0004,0.2307,3.7793,0.4855,0.2691,1.4331,0.2208,2.2076,0.1094,0.1643
05/06/2026 00:00:00,7.3762,11.4996,No CT,0.0206,6.4157,0.0007,1.1713,0.0000,0.0861,0.0010,0.2459,0.6230,1.3155,0.0226,1.6964,0.2121,2.3141,0.1729,0.1660
05/07/2026 00:00:00,10.8576,12.6160,No CT,0.0330,10.5169,0.0009,2.3852,0.0000,0.1565,0.0006,0.4217,1.0216,0.1933,0.1264,1.3793,0.2200,2.2518,0.1669,0.1414
05/08/2026 00:00:00,14.6595,14.2149,No CT,0.0358,11.1591,0.0016,5.1878,0.0000,0.2093,0.0012,0.4784,2.3884,0.1956,0.1666,1.1950,0.2237,2.4411,0.1581,0.4363
05/09/2026 00:00:00,14.7263,16.4923,No CT,0.0146,4.1060,0.0008,3.8842,0.0000,0.2065,0.0011,0.4234,12.5198,0.1975,0.0000,1.1491,0.2294,2.7256,0.2786,0.7167
05/10/2026 00:00:00,20.1756,19.8525,No CT,4.7320,14.1538,0.0005,5.2880,0.0016,0.1549,0.0038,0.5849,2.1351,1.2476,0.0777,1.6111,0.2233,2.5941,0.0479,0.7357
05/11/2026 00:00:00,9.5058,11.3198,No CT,0.0215,6.8097,0.0002,2.1540,0.0000,0.1910,0.0002,0.2495,3.2247,0.1954,0.1085,1.2139,0.2199,1.4279,0.0616,0.1392
05/12/2026 00:00:00,4.7735,8.3936,No CT,0.0041,1.2638,0.0001,0.8341,0.0000,0.0906,0.0001,0.0822,2.4415,0.1871,0.0070,1.3387,0.2162,1.9580,0.0491,0.3379
05/13/2026 00:00:00,10.4928,13.6523,No CT,0.0350,10.4501,0.0012,2.1134,0.0000,0.0906,0.0013,0.3905,1.6259,0.1943,0.2559,1.1852,0.2292,2.9169,0.0000,0.3091
05/14/2026 00:00:00,9.1869,11.9016,No CT,0.0192,5.9576,0.0001,1.8832,0.0000,0.1008,0.0003,0.2814,3.9730,0.1953,0.0456,1.3842,0.2248,2.4640,0.0422,0.1949
05/15/2026 00:00:00,15.7341,14.6980,No CT,0.0348,10.2047,0.0007,4.7790,0.0000,0.0669,0.0009,0.4729,7.5139,0.1962,0.0004,1.0401,0.2316,1.1873,0.0446,0.1752
05/16/2026 00:00:00,19.3696,16.7159,No CT,0.0178,5.8268,0.0001,6.8711,0.0000,0.1416,0.0004,0.2989,13.6724,0.1956,0.0282,1.5387,0.2340,1.8094,0.1001,0.5414
05/17/2026 00:00:00,20.2325,19.8809,No CT,3.0533,7.5555,0.0002,6.5263,0.0001,0.1343,0.0006,0.4067,8.8418,0.2041,0.1948,1.7960,0.2386,3.9792,0.6669,0.5943
05/18/2026 00:00:00,20.5805,20.9126,No CT,0.0332,10.1974,0.0001,4.7253,0.0000,0.1099,0.0002,0.5275,15.1940,0.2032,0.1358,1.7009,0.2337,2.4471,0.2157,0.2790
05/19/2026 00:00:00,16.3893,18.1792,No CT,0.0206,5.4321,0.0001,3.0425,0.0000,0.1789,0.0001,0.3534,15.0824,0.3860,0.0819,1.8655,0.2320,2.4230,0.1233,0.1618
05/20/2026 00:00:00,15.5635,17.4411,No CT,0.0040,1.1758,0.0000,3.6739,0.0000,0.1536,0.0000,0.0943,17.4026,0.1915,0.0189,1.6593,0.2299,3.1980,0.0652,0.1129
05/21/2026 00:00:00,18.3372,19.6549,No CT,0.0447,13.9959,0.0007,4.6422,0.0000,0.1842,0.0019,0.6152,7.5367,0.1987,0.0190,1.1983,0.2296,3.1277,0.4276,0.0970
05/22/2026 00:00:00,11.8488,13.7748,No CT,0.0245,7.6444,0.0004,4.5775,0.0000,0.2134,0.0007,0.3482,1.6795,0.1934,0.1146,1.3174,0.2222,3.8322,0.1111,0.1930
05/23/2026 00:00:00,21.5011,20.2724,No CT,0.0330,10.8198,0.0006,7.4012,0.0000,0.2269,0.0009,0.5743,10.9465,0.1977,0.1366,1.5325,0.2370,3.4525,0.2165,0.4471
05/24/2026 00:00:00,20.4984,19.8883,No CT,1.4778,7.2541,0.0001,6.7601,0.0000,0.0964,0.0006,0.4318,13.6891,0.4231,0.0401,1.0923,0.2373,2.6278,0.2002,0.5262
05/25/2026 00:00:00,16.2449,15.1756,No CT,0.0238,6.9763,0.0004,7.2260,0.0000,0.1047,0.0004,0.3443,4.9475,0.1879,0.0535,1.7821,0.2310,3.8349,0.1903,0.2443
05/26/2026 00:00:00,11.2474,14.2592,No CT,0.0209,6.0399,0.0009,3.2556,0.0000,0.0536,0.0013,0.2853,4.5196,1.1012,0.2594,1.6174,0.2300,3.2901,0.0000,0.1584
05/27/2026 00:00:00,13.2472,13.5395,No CT,0.0313,10.2356,0.0001,3.8037,0.0000,0.1472,0.0004,0.4815,3.2809,0.1892,0.3422,1.2616,0.2312,1.6825,0.0000,0.0344
05/28/2026 00:00:00,10.4313,9.6760,No CT,0.0182,6.0967,0.0001,3.2302,0.0000,0.1335,0.0001,0.2335,2.2472,0.1884,0.4421,1.6563,0.2582,0.3572,0.0519,0.1458
05/29/2026 00:00:00,10.8354,9.4477,No CT,0.0180,5.6152,0.0005,4.5056,0.0000,0.1926,0.0002,0.2498,2.0119,0.1874,0.1050,1.4568,0.2185,0.4859,0.0000,0.1425
05/30/2026 00:00:00,14.3299,13.9614,No CT,0.0221,6.4504,0.0007,6.4072,0.0000,0.1836,0.0013,0.6721,3.4457,2.3677,0.0030,1.5333,0.2088,0.8461,0.1445,0.4835
05/31/2026 00:00:00,13.7693,12.6389,No CT,0.0042,1.2744,0.0001,5.7587,0.0000,0.1218,0.0003,0.1734,9.9138,1.0201,0.0140,1.3720,0.2214,0.4092,0.1252,0.6540
06/01/2026 00:00:00,10.8003,9.2891,No CT,0.0185,5.6500,0.0005,5.0034,0.0000,0.0819,0.0002,0.2533,0.8055,0.1857,0.0006,1.6042,0.2170,0.7370,0.0808,0.1479
06/02/2026 00:00:00,10.5862,9.8928,No CT,0.0189,5.4416,0.0009,4.4885,0.0000,0.0807,0.0007,0.2312,1.2587,0.1878,0.0000,1.7535,0.2164,1.2322,0.1336,0.1225
06/03/2026 00:00:00,10.5317,10.7915,No CT,0.0209,5.9044,0.0015,4.5434,0.0000,0.0956,0.0011,0.2595,1.3869,0.5168,0.0657,1.3532,0.2192,1.6899,0.0369,0.2175
06/04/2026 00:00:00,9.6929,9.1453,No CT,0.0037,1.0075,0.0002,3.8236,0.0000,0.1660,0.0004,0.1300,4.1849,0.1877,0.5875,1.6432,0.2448,1.5687,0.2156,0.0367
06/05/2026 00:00:00,16.7406,15.9557,No CT,0.0401,12.0207,0.0009,3.8331,0.0000,0.3048,0.0008,0.5977,6.9823,0.1924,0.5278,1.3638,0.2350,0.9623,0.2140,0.1068
06/06/2026 00:00:00,16.4596,15.3641,No CT,3.9683,2.5067,0.0008,4.5695,0.0002,0.0890,0.0020,0.2407,9.7215,0.8449,0.4949,1.5752,0.2309,0.8022,0.4602,0.3323
06/07/2026 00:00:00,18.8238,18.4346,No CT,4.1812,3.1744,0.0003,5.5072,0.0003,0.2057,0.0007,0.4153,11.8626,0.1945,0.2503,1.8600,0.2385,2.7097,0.0963,0.7059
06/08/2026 00:00:00,11.4161,13.2584,No CT,0.0174,5.4294,0.0004,3.9349,0.0000,0.1560,0.0002,0.2581,2.5192,1.2952,0.4912,1.9342,0.2294,2.6573,0.1640,0.2709
06/09/2026 00:00:00,9.2857,12.0437,No CT,0.0168,4.9789,0.0007,2.4361,0.0000,0.0764,0.0002,0.2304,3.9013,0.1838,0.3726,1.1983,0.2207,2.4978,0.0516,0.0171
06/10/2026 00:00:00,10.1142,12.1727,No CT,0.0052,1.4064,0.0002,3.2205,0.0000,0.0771,0.0004,0.1040,7.2957,0.0979,0.3721,1.2991,0.2419,2.5757,0.1440,0.1807
06/11/2026 00:00:00,19.2851,22.7662,No CT,0.0321,7.7745,0.0013,2.7315,0.0000,0.0994,0.0026,0.4581,19.3302,1.7398,0.0000,1.9850,0.2929,2.3703,0.0000,0.1927
06/12/2026 00:00:00,13.5623,15.6153,No CT,0.0077,2.2615,0.0001,2.3584,0.0000,0.0690,0.0001,0.1609,14.4475,0.0424,0.0000,2.0072,0.5268,2.4123,0.0741,0.0833
06/13/2026 00:00:00,16.1901,16.3244,No CT,0.0031,0.9543,0.0000,5.8462,0.0000,0.0623,0.0000,0.1184,15.1142,0.6015,0.1638,1.3901,0.4090,2.9395,0.0426,0.2986
06/14/2026 00:00:00,11.5638,10.7642,No CT,1.5622,0.5260,0.0000,2.5084,0.0001,0.0498,0.0000,0.1190,9.7961,0.0205,1.2555,1.1672,0.1951,1.5476,0.0455,0.0044
